time_idx,value
43657,16.69862713670718
43658,16.722945159723167
43659,19.910112380624287
43660,21.451142835404426
43661,25.839272990924655
43662,25.73380678243375
43663,29.05557841827108
43664,37.008087226647056
43665,38.749064065965925
43666,38.68000707434403
43667,40.4045807801845
43668,45.40061671524104
43669,46.99027726053055
43670,50.99407007185946
43671,53.44150128899814
43672,61.66273911934568
43673,71.18821366018706
43674,85.58685909927173
43675,98.92859831283545
43676,103.06154353477332
43677,103.41284181112421
43678,103.51948356447399
43679,106.58820139635084
43680,105.60895924613901
43681,116.09178871486719
43682,130.20357101146382
43683,143.07853568512024
43684,147.69269620190835
43685,148.997713085863
43686,149.6781050139557
43687,154.03207605732806
43688,150.87942271413695
43689,152.23451200789287
43690,158.7954676231182
43691,149.9894451174692
43692,154.1433544557288
43693,159.93445374092826
43694,161.3188203837939
43695,156.58313282632434
43696,153.24506728079828
43697,154.0111050380142
43698,155.9578765850666
43699,153.84838500102495
43700,154.72945584293637
43701,158.7121596073217
43702,148.64464967382463
43703,159.24418701495088
43704,155.61213900723942
43705,149.5501554835595
43706,131.8528403824733
43707,130.83988990665972
43708,126.46505450196919
43709,122.48199854963366
43710,121.66417535775179
43711,120.22087529957034
43712,118.94406512418497
43713,119.11180512531625
43714,117.4195278124862
43715,115.65637450193776
43716,110.72053577116367
43717,107.41967058545211
43718,115.54213878050696
43719,127.82766074807068
43720,125.26674948410766
43721,123.84826473507944
43722,129.89132242004803
43723,142.1897543363787
43724,156.6315490594312
43725,165.55542107055516
43726,172.6379689349893
43727,175.4457747802766
43728,176.9350214246242
43729,166.1030508645784
43730,155.1287725505549
43731,143.8425038982321
43732,134.96565940062652
43733,128.82649907166848
43734,123.26801194177224
43735,116.52961606494901
43736,108.50968579443663
43737,103.92212413046818
43738,100.90283673012668
43739,90.95454086122068
43740,72.81060115570051
43741,68.35062979583314
43742,68.99392409687621
43743,62.12072476293538
43744,69.52525173059969
43745,78.85994381195285
43746,87.11076651294081
43747,93.12456661030649
43748,99.23593711727733
43749,113.04047901090777
43750,136.6801791014931
43751,148.49433120053664
43752,162.89009406516752
43753,168.62993904003488
43754,168.8396925460651
43755,169.85641503333008
43756,169.13330414161572
43757,169.58610577348628
43758,168.84687923761186
43759,167.27042858286396
43760,160.93136599437557
43761,170.68203671135325
43762,180.4643052656107
43763,172.77488856524587
43764,160.12024872094315
43765,148.66245993487047
43766,133.5655761336151
43767,127.81268152590523
43768,120.81922827959184
43769,114.13587720020749
43770,107.15346657561983
43771,111.89800810025903
43772,127.01010609611703
43773,129.4085553055017
43774,130.23512066315166
43775,121.51352242772859
43776,111.68886990799581
43777,104.91848536272205
43778,110.01990427021482
43779,99.09044897887762
43780,103.45948830654888
43781,107.06578260423899
43782,109.35093354559145
43783,109.23558610404953
43784,108.32095731348204
43785,116.72898401935504
43786,96.81946886517382
43787,78.50158539891046
43788,75.62273301139398
43789,74.79574440558095
43790,74.14313201266366
43791,73.1904844516587
43792,74.2815778809397
43793,75.77868473229921
43794,73.31640775084247
43795,69.63560512805816
43796,69.30036118105508
43797,60.664708851882686
43798,43.75374308855089
43799,30.336617685558576
43800,19.977413834788603
43801,24.318153872584663
43802,28.21746299539018
43803,26.79922675407779
43804,22.92966167678951
43805,16.540836907086305
43806,9.20121431937505
43807,4.962838486729106
43808,4.110553392607199
43809,3.7072334909780693
43810,2.399296776715164
43811,0.0
43812,0.0
43813,0.0
43814,0.0
43815,0.0
43816,0.0
43817,0.0
43818,1.7662452977830072
43819,2.3718407346992536
43820,4.630696543066824
43821,6.692737771485372
43822,10.165065159954247
43823,12.232153423072123
43824,19.419726787324635
