origin,rmse,mae,smape,bias
41641,86.997986,53.69759,44.433284798149195,-20.571764
41665,128.43793,84.98163,52.57948493873257,-59.89795
41689,144.08305,106.43655,62.76865791074842,-84.16564
41713,149.1982,117.454285,70.83587592188407,-100.403366
41737,151.68367,116.03289,79.11353419767693,-108.66763
41761,143.64775,109.027275,95.86087044971508,-103.05475
41785,140.44716,104.26518,97.97523195877493,-93.290665
41809,113.61943,78.253975,90.70101940139595,-59.825516
41833,78.02158,55.878563,90.85619049853578,-12.761813
41857,48.939384,38.016804,66.39476060310179,18.2133
41881,52.4356,40.421276,64.31362473605466,16.496822
41905,75.09481,52.29985,57.91260285560773,-6.1429267
41929,79.837006,56.109383,48.013283179551806,-17.75408
41953,78.871605,55.382183,47.18538896697629,-17.512882
41977,81.60058,62.168346,47.875419385257246,-7.1185417
42001,80.772766,60.815144,40.982822678467656,-8.490057
42025,90.98402,71.91584,44.713860152045356,-20.108625
42049,115.19586,91.07689,50.53992805603359,-35.632233
42073,107.89482,84.445786,63.925912547191345,-21.747196
42097,105.1016,80.13147,71.48755174739996,-14.220712
42121,103.22172,78.92269,68.06145949910083,-12.634277
42145,93.96935,67.22836,56.85368662137383,-21.860031
42169,89.558,60.907692,55.277594563639944,-29.153599
42193,80.778656,54.543022,53.10276548053869,-13.043651
42217,60.72959,45.191906,51.59634126466699,27.88704
42241,54.205845,41.945133,56.74649608360293,36.612846
42265,68.26744,54.28519,70.58200741587261,49.581078
42289,63.811584,49.910343,67.12681432074446,44.81946
42313,68.49419,53.732136,75.71705022751952,47.947136
42337,78.109924,61.509422,93.03216682649995,59.689175
42361,93.128944,78.24967,109.58088509616486,77.97929
42385,91.35019,79.507774,105.47882875627172,79.159584
42409,90.42455,81.41682,97.165906506901,80.882126
42433,78.82793,70.70199,84.38209861383906,70.039345
42457,76.6003,69.53897,94.27779466598058,68.32932
42481,80.29213,70.98509,101.1613011005379,70.30948
42505,81.36255,73.23863,99.43555707023258,72.52921
42529,63.423477,55.00361,87.96499727704075,53.927937
42553,57.00355,46.858353,80.7861950703054,29.108337
42577,59.206093,45.857872,79.54049277634893,12.468631
42601,56.170685,41.535557,81.6897151038228,6.712305
42625,51.472008,38.54603,72.81415450076261,3.8746083
42649,72.66565,56.013557,62.097767915111035,-12.464938
42673,88.18288,70.904015,58.40773732204634,-37.049614
42697,94.8801,78.12634,58.254491446894555,-46.798943
42721,86.993385,70.20752,61.36278033622408,-31.745188
42745,82.88588,66.25316,53.88835953954618,-21.550295
42769,88.23137,71.0213,50.816382761509196,-28.26948
42793,92.12803,72.148346,47.40156793753461,-37.99383
42817,87.10327,64.1206,43.1196326736383,-30.727224
42841,77.619705,53.721836,47.011774976202844,-5.466581
42865,69.87436,47.178223,43.85223970925186,3.2441928
42889,83.59243,58.73199,40.22394642649618,-20.089489
42913,85.170364,59.170044,51.96710084038343,-33.67502
42937,87.347466,56.42499,69.7815935570924,-42.984818
42961,83.92232,51.48372,71.15579917437917,-41.535034
42985,64.04464,39.756157,65.77689266192638,-21.598282
43009,53.36942,34.6929,62.16722848642219,-13.79673
43033,46.8799,28.24141,65.58903481047655,-17.089657
43057,31.330462,21.329319,59.27068546020781,2.8603919
43081,28.969484,20.095388,55.15571587727338,11.5809765
43105,32.815685,24.481266,59.52109468552018,16.847843
43129,66.20304,42.58942,62.455213417498655,-0.035104297
43153,80.166565,58.044502,70.52129981374102,0.56464493
43177,78.93407,55.219738,64.03536874623525,-5.048026
43201,81.00552,59.09953,70.266977904941,0.5516808
43225,87.994835,68.480804,82.54496332346683,13.732524
43249,86.11675,67.98649,80.5277469601216,11.827465
43273,85.53336,66.00198,79.86060480165872,0.8641837
43297,71.734695,58.83392,96.55472755853441,32.15495
43321,67.84659,57.02811,96.48907170603273,41.42496
43345,65.83767,53.3955,82.71624311819323,31.259033
43369,66.09138,54.20152,78.86692829585323,24.790714
43393,53.6785,45.94483,82.458126630878,15.45705
43417,52.61582,45.488815,92.90144717895255,20.885536
43441,50.12138,44.48734,84.13833770687017,28.063627
43465,47.679142,40.53522,67.85077016711945,16.853634
43489,47.51986,41.286022,78.61039636745339,23.331215
